parameter,mean_error,mean_percent_error
pressure_msl,-1.1329417509191178,-0.11187549826252952
relativehumidity_2m,-1.970538532032686,-8.031069407827186
temperature_2m,0.6323876324821922,1.9639536849674972
